MatrixSize,Repeats,AverageTime(s)
64,3,0.002857
128,3,0.026322
256,3,0.038695
512,3,0.330681
