MatrixSize,Repeats,AverageTime(s)
64,3,0.000528
128,3,0.002952
256,3,0.033309
512,3,0.365053
