MatrixSize,Repeats,AverageTime(s)
64,3,0.0516
128,3,0.367444
256,3,3.439129
512,3,29.99954
